<<<<<<< HEAD
version https://git-lfs.github.com/spec/v1
oid sha256:09a34f4cf1084fd55204e37578dc6f7eb688004c429abc6b05a87935fcff932d
size 42175
=======
STARTDATE,ENDDATE,lastMonth,lastYear,SameMonth,MAXMINRATIO,STATENAME,MANDINAME
2016-01-01,2016-02-13,,,Anomaly,0.9992313604919292,NCT OF DELHI,AZADPUR
2016-01-01,2016-02-13,,,Anomaly,1.49812734082397,WEST BENGAL,ISLAMPUR
2016-01-15,2016-02-27,,,Anomaly,1.0989010989010992,PUNJAB,ZIRA
2016-01-15,2016-02-27,,,Anomaly,1.0989010989010992,PUNJAB,AJNALA
2016-02-15,2016-03-29,Anomaly,,Normal,1.997780244173141,WEST BENGAL,KATWA
2016-02-15,2016-03-29,Anomaly,,Normal,1.5119988936476012,UTTAR PRADESH,BASTI
2016-02-15,2016-03-29,Anomaly,,Normal,1.997780244173141,WEST BENGAL,BISHNUPUR(BANKURA)
2016-02-15,2016-03-29,Anomaly,,Normal,1.997780244173141,WEST BENGAL,KALYANI
2016-02-15,2016-03-29,Anomaly,,Normal,1.997780244173141,WEST BENGAL,DURGAPUR
2016-02-15,2016-03-29,Anomaly,,Normal,1.5984015984015985,WEST BENGAL,ISLAMPUR
2016-02-15,2016-03-29,Anomaly,,Normal,1.997780244173141,WEST BENGAL,ULUBERIA
2016-02-15,2016-03-29,Anomaly,,Normal,1.997780244173141,WEST BENGAL,SHEORAPHULY
2016-02-15,2016-03-29,Anomaly,,Anomaly,1.1529592621060722,NCT OF DELHI,AZADPUR
2016-02-29,2016-04-12,Anomaly,,Normal,0.999000999000999,PUNJAB,ZIRA
2016-02-29,2016-04-12,Anomaly,,Normal,0.999000999000999,PUNJAB,AJNALA
2016-04-04,2016-05-17,Anomaly,,Anomaly,1.2933568489124043,NCT OF DELHI,AZADPUR
2016-04-04,2016-05-17,Anomaly,,Anomaly,1.110494169905608,WEST BENGAL,KATWA
2016-04-04,2016-05-17,Anomaly,,Normal,1.1242973141786383,WEST BENGAL,ISLAMPUR
2016-04-04,2016-05-17,Anomaly,,Anomaly,1.110494169905608,WEST BENGAL,ULUBERIA
2016-04-04,2016-05-17,Anomaly,,Anomaly,1.110494169905608,WEST BENGAL,DURGAPUR
2016-04-04,2016-05-17,Anomaly,,Anomaly,1.110494169905608,WEST BENGAL,BISHNUPUR(BANKURA)
2016-04-04,2016-05-17,Anomaly,,Normal,1.3561741613133476,UTTAR PRADESH,BASTI
2016-04-04,2016-05-17,Anomaly,,Anomaly,1.110494169905608,WEST BENGAL,SHEORAPHULY
2016-04-04,2016-05-17,Anomaly,,Anomaly,1.110494169905608,WEST BENGAL,KALYANI
2016-04-11,2016-05-24,Anomaly,,Normal,1.498751040799334,PUNJAB,SANGRUR
2016-04-11,2016-05-24,Anomaly,,Normal,1.498751040799334,PUNJAB,BARNALA
2016-04-11,2016-05-24,Anomaly,,Normal,1.498751040799334,PUNJAB,MALERKOTLA
2016-04-18,2016-05-31,Normal,,Anomaly,1.109877913429523,PUNJAB,ZIRA
2016-04-18,2016-05-31,Normal,,Anomaly,1.109877913429523,PUNJAB,AJNALA
2016-05-23,2016-07-05,Anomaly,,Anomaly,0.9995002498750624,WEST BENGAL,BISHNUPUR(BANKURA)
2016-05-23,2016-07-05,Anomaly,,Anomaly,0.9995002498750624,WEST BENGAL,ULUBERIA
2016-05-23,2016-07-05,Anomaly,,Anomaly,0.9995002498750624,WEST BENGAL,DURGAPUR
2016-05-23,2016-07-05,Anomaly,,Anomaly,0.9995002498750624,WEST BENGAL,SHEORAPHULY
2016-05-23,2016-07-05,Anomaly,,Anomaly,0.9995002498750624,WEST BENGAL,KATWA
2016-05-23,2016-07-05,Anomaly,,Anomaly,1.110494169905608,WEST BENGAL,ISLAMPUR
2016-05-23,2016-07-05,Anomaly,,Anomaly,0.9995002498750624,WEST BENGAL,KALYANI
2016-05-23,2016-07-05,Anomaly,,Anomaly,0.9995002498750624,UTTAR PRADESH,BASTI
2016-05-23,2016-07-05,Anomaly,,Anomaly,1.2721490231712858,NCT OF DELHI,AZADPUR
2016-05-30,2016-07-12,Anomaly,,Normal,2.0815986677768525,UTTAR PRADESH,LAKHIMPUR
2016-05-30,2016-07-12,Anomaly,,Normal,2.0815986677768525,UTTAR PRADESH,FAIZABAD
2016-05-30,2016-07-12,Anomaly,,Normal,2.0815986677768525,UTTAR PRADESH,LUCKNOW
2016-06-06,2016-07-19,Anomaly,,Normal,1.998001998001998,PUNJAB,SANGRUR
2016-06-06,2016-07-19,Anomaly,,Normal,1.998001998001998,PUNJAB,MALERKOTLA
2016-06-06,2016-07-19,Anomaly,,Normal,1.998001998001998,PUNJAB,BARNALA
2016-06-20,2016-08-02,Anomaly,,Normal,1.3741411617738912,PUNJAB,AJNALA
2016-06-20,2016-08-02,Anomaly,,Normal,1.3741411617738912,PUNJAB,ZIRA
2016-07-11,2016-08-23,Anomaly,,Anomaly,1.035344519814352,NCT OF DELHI,AZADPUR
2016-07-11,2016-08-23,Anomaly,,Normal,1.0994502748625687,WEST BENGAL,ISLAMPUR
2016-07-11,2016-08-23,Anomaly,,Normal,1.199400299850075,UTTAR PRADESH,BASTI
2016-07-18,2016-08-30,Anomaly,,Anomaly,1.249375312343828,UTTAR PRADESH,LUCKNOW
2016-07-18,2016-08-30,Anomaly,,Anomaly,1.249375312343828,UTTAR PRADESH,FAIZABAD
2016-07-18,2016-08-30,Anomaly,,Anomaly,1.249375312343828,UTTAR PRADESH,LAKHIMPUR
2016-08-29,2016-10-11,Anomaly,,Anomaly,1.206480523957256,NCT OF DELHI,AZADPUR
2016-09-05,2016-10-18,Normal,,Anomaly,0.9995456610631532,WEST BENGAL,ISLAMPUR
2016-10-17,2016-11-29,Anomaly,,Anomaly,1.7212659633536924,NCT OF DELHI,AZADPUR
2016-11-14,2016-12-27,Normal,,Anomaly,1.2215435868961688,WEST BENGAL,ISLAMPUR
2016-11-14,2016-12-27,Normal,,Anomaly,0.9995002498750624,PUNJAB,SANGRUR
2016-11-14,2016-12-27,Normal,,Anomaly,0.9995002498750624,PUNJAB,MALERKOTLA
2016-11-14,2016-12-27,Normal,,Anomaly,0.9995002498750624,PUNJAB,BARNALA
2016-11-21,2017-01-03,Anomaly,,Normal,1.998001998001998,UTTAR PRADESH,LUCKNOW
2016-11-21,2017-01-03,Anomaly,,Normal,1.998001998001998,UTTAR PRADESH,LAKHIMPUR
2016-11-21,2017-01-03,Anomaly,,Normal,1.998001998001998,UTTAR PRADESH,FAIZABAD
2016-12-19,2017-01-31,Normal,,Anomaly,0.9992862241256244,PUNJAB,ZIRA
2016-12-19,2017-01-31,Normal,,Anomaly,1.2489592006661117,NCT OF DELHI,AZADPUR
2016-12-19,2017-01-31,Normal,,Anomaly,0.9992862241256244,PUNJAB,AJNALA
2017-01-01,2017-02-13,Anomaly,Anomaly,Anomaly,0.9995002498750624,PUNJAB,SANGRUR
2017-01-01,2017-02-13,Anomaly,Anomaly,Anomaly,0.9995002498750624,PUNJAB,MALERKOTLA
2017-01-01,2017-02-13,Anomaly,Anomaly,Anomaly,0.9995002498750624,PUNJAB,BARNALA
2017-01-01,2017-02-13,Anomaly,Anomaly,Anomaly,1.1992005329780149,WEST BENGAL,ISLAMPUR
2017-02-05,2017-03-20,Anomaly,Anomaly,Anomaly,1.1807447774750226,NCT OF DELHI,AZADPUR
2017-02-05,2017-03-20,Anomaly,Anomaly,Anomaly,0.9992862241256244,PUNJAB,ZIRA
2017-02-05,2017-03-20,Anomaly,Anomaly,Anomaly,0.9992862241256244,PUNJAB,AJNALA
2017-02-19,2017-04-03,Anomaly,Anomaly,Anomaly,0.9995002498750624,PUNJAB,BARNALA
2017-02-19,2017-04-03,Anomaly,Anomaly,Anomaly,0.9995002498750624,PUNJAB,SANGRUR
2017-02-19,2017-04-03,Anomaly,Anomaly,Anomaly,0.9995002498750624,PUNJAB,MALERKOTLA
2017-02-19,2017-04-03,Anomaly,Normal,Anomaly,0.9993337774816788,WEST BENGAL,ISLAMPUR
2017-03-26,2017-05-08,Anomaly,Normal,Anomaly,0.9992862241256244,PUNJAB,ZIRA
2017-03-26,2017-05-08,Anomaly,Normal,Normal,1.1656952539550374,NCT OF DELHI,AZADPUR
2017-03-26,2017-05-08,Anomaly,Normal,Anomaly,0.9992862241256244,PUNJAB,AJNALA
2017-04-09,2017-05-22,Anomaly,Normal,Anomaly,1.110494169905608,PUNJAB,SANGRUR
2017-04-09,2017-05-22,Anomaly,Normal,Anomaly,1.1529592621060722,WEST BENGAL,ISLAMPUR
2017-04-09,2017-05-22,Anomaly,Normal,Anomaly,1.110494169905608,PUNJAB,BARNALA
2017-04-09,2017-05-22,Anomaly,Normal,Anomaly,1.110494169905608,PUNJAB,MALERKOTLA
2017-05-14,2017-06-26,Anomaly,Normal,Anomaly,0.9992862241256244,PUNJAB,ZIRA
2017-05-14,2017-06-26,Anomaly,Normal,Anomaly,1.4989293361884368,NCT OF DELHI,AZADPUR
2017-05-14,2017-06-26,Anomaly,Normal,Anomaly,0.9992862241256244,PUNJAB,AJNALA
2017-05-28,2017-07-10,Anomaly,Normal,Anomaly,1.998001998001998,PUNJAB,MALERKOTLA
2017-05-28,2017-07-10,Anomaly,Normal,Anomaly,1.998001998001998,PUNJAB,SANGRUR
2017-05-28,2017-07-10,Anomaly,Normal,Normal,1.3986013986013983,UTTAR PRADESH,FAIZABAD
2017-05-28,2017-07-10,Anomaly,Normal,Normal,1.3986013986013983,UTTAR PRADESH,LAKHIMPUR
2017-05-28,2017-07-10,Anomaly,Normal,Normal,1.3986013986013983,UTTAR PRADESH,LUCKNOW
2017-05-28,2017-07-10,Anomaly,Normal,Anomaly,1.998001998001998,PUNJAB,BARNALA
2017-06-04,2017-07-17,Normal,Anomaly,Normal,0.999000999000999,WEST BENGAL,KALYANI
2017-06-04,2017-07-17,Normal,Anomaly,Normal,1.2484394506866416,UTTAR PRADESH,BASTI
2017-06-04,2017-07-17,Normal,Anomaly,Normal,0.999000999000999,WEST BENGAL,KATWA
2017-06-04,2017-07-17,Normal,Anomaly,Normal,0.999000999000999,WEST BENGAL,DURGAPUR
2017-06-04,2017-07-17,Normal,Anomaly,Normal,0.999000999000999,WEST BENGAL,SHEORAPHULY
2017-06-04,2017-07-17,Normal,Anomaly,Normal,0.999000999000999,WEST BENGAL,ULUBERIA
2017-06-04,2017-07-17,Normal,Anomaly,Normal,0.999000999000999,WEST BENGAL,BISHNUPUR(BANKURA)
2017-07-02,2017-08-14,Anomaly,Normal,Anomaly,1.665278934221482,WEST BENGAL,ISLAMPUR
2017-07-02,2017-08-14,Anomaly,Normal,Anomaly,1.3032145960034751,PUNJAB,ZIRA
2017-07-02,2017-08-14,Anomaly,Normal,Anomaly,1.3032145960034751,PUNJAB,AJNALA
2017-07-02,2017-08-14,Anomaly,Normal,Anomaly,1.1046817464492371,NCT OF DELHI,AZADPUR
2017-07-16,2017-08-28,Anomaly,Normal,Anomaly,0.9992862241256244,UTTAR PRADESH,LUCKNOW
2017-07-16,2017-08-28,Anomaly,Normal,Anomaly,0.9992862241256244,UTTAR PRADESH,FAIZABAD
2017-07-16,2017-08-28,Normal,Anomaly,Normal,1.2484394506866416,PUNJAB,SANGRUR
2017-07-16,2017-08-28,Normal,Anomaly,Normal,1.2484394506866416,PUNJAB,MALERKOTLA
2017-07-16,2017-08-28,Anomaly,Normal,Anomaly,0.9992862241256244,UTTAR PRADESH,LAKHIMPUR
2017-07-16,2017-08-28,Normal,Anomaly,Normal,1.2484394506866416,PUNJAB,BARNALA
2017-07-23,2017-09-04,Normal,Anomaly,Normal,0.999000999000999,UTTAR PRADESH,BASTI
2017-07-23,2017-09-04,Normal,Anomaly,Normal,0.999000999000999,WEST BENGAL,ULUBERIA
2017-07-23,2017-09-04,Normal,Anomaly,Normal,0.999000999000999,WEST BENGAL,KATWA
2017-07-23,2017-09-04,Normal,Anomaly,Normal,0.999000999000999,WEST BENGAL,DURGAPUR
2017-07-23,2017-09-04,Normal,Anomaly,Normal,0.999000999000999,WEST BENGAL,BISHNUPUR(BANKURA)
2017-07-23,2017-09-04,Normal,Anomaly,Normal,0.999000999000999,WEST BENGAL,SHEORAPHULY
2017-07-23,2017-09-04,Normal,Anomaly,Normal,0.999000999000999,WEST BENGAL,KALYANI
2017-08-20,2017-10-02,Anomaly,Normal,Anomaly,0.9993337774816788,PUNJAB,AJNALA
2017-08-20,2017-10-02,Anomaly,Normal,Anomaly,0.9993337774816788,PUNJAB,ZIRA
2017-08-20,2017-10-02,Anomaly,Normal,Anomaly,1.209889531825355,NCT OF DELHI,AZADPUR
2017-08-20,2017-10-02,Anomaly,Normal,Anomaly,1.199400299850075,WEST BENGAL,ISLAMPUR
2017-10-08,2017-11-20,Anomaly,Normal,Anomaly,1.0947168015230841,NCT OF DELHI,AZADPUR
2017-10-08,2017-11-20,Anomaly,Normal,Anomaly,1.38811771238201,WEST BENGAL,ISLAMPUR
2017-10-08,2017-11-20,Anomaly,Normal,Anomaly,1.3324450366422385,PUNJAB,AJNALA
2017-10-08,2017-11-20,Anomaly,Normal,Anomaly,1.3324450366422385,PUNJAB,ZIRA
2017-11-05,2017-12-18,Anomaly,Normal,Anomaly,1.4985014985014986,PUNJAB,MALERKOTLA
2017-11-05,2017-12-18,Anomaly,Normal,Anomaly,1.4985014985014986,PUNJAB,SANGRUR
2017-11-05,2017-12-18,Anomaly,Normal,Anomaly,1.4985014985014986,PUNJAB,BARNALA
2017-11-26,2018-01-08,Anomaly,Normal,Anomaly,1.3990672884743505,NCT OF DELHI,AZADPUR
2017-11-26,2018-01-08,Anomaly,Anomaly,Anomaly,1.3324450366422385,PUNJAB,AJNALA
2017-11-26,2018-01-08,Anomaly,Normal,Anomaly,1.306687163720215,WEST BENGAL,ISLAMPUR
2017-11-26,2018-01-08,Anomaly,Anomaly,Anomaly,1.3324450366422385,PUNJAB,ZIRA
2017-12-24,2018-02-05,Anomaly,Normal,Anomaly,1.4985014985014986,PUNJAB,BARNALA
2017-12-24,2018-02-05,Anomaly,Normal,Anomaly,1.4985014985014986,PUNJAB,MALERKOTLA
2017-12-24,2018-02-05,Anomaly,Normal,Anomaly,1.4985014985014986,PUNJAB,SANGRUR
2018-01-14,2018-02-26,Anomaly,Normal,Anomaly,1.1529592621060722,PUNJAB,ZIRA
2018-01-14,2018-02-26,Anomaly,Normal,Anomaly,1.1529592621060722,PUNJAB,AJNALA
2018-01-14,2018-02-26,Anomaly,Normal,Anomaly,1.142041399000714,WEST BENGAL,ISLAMPUR
2018-01-14,2018-02-26,Anomaly,Normal,Anomaly,1.0706638115631693,NCT OF DELHI,AZADPUR
2018-02-18,2018-04-02,Anomaly,Normal,Anomaly,1.1988011988011988,UTTAR PRADESH,BASTI
2018-02-25,2018-04-09,Anomaly,Normal,Normal,1.5538290788013318,WEST BENGAL,ULUBERIA
2018-02-25,2018-04-09,Anomaly,Normal,Normal,1.5538290788013318,WEST BENGAL,BISHNUPUR(BANKURA)
2018-02-25,2018-04-09,Anomaly,Normal,Normal,1.5538290788013318,WEST BENGAL,KATWA
2018-02-25,2018-04-09,Anomaly,Normal,Normal,1.5538290788013318,WEST BENGAL,SHEORAPHULY
2018-02-25,2018-04-09,Anomaly,Normal,Normal,1.5538290788013318,WEST BENGAL,DURGAPUR
2018-02-25,2018-04-09,Anomaly,Normal,Normal,1.5538290788013318,WEST BENGAL,KALYANI
2018-03-04,2018-04-16,Anomaly,Normal,Normal,1.5059015062012746,WEST BENGAL,ISLAMPUR
2018-03-04,2018-04-16,Anomaly,Anomaly,Anomaly,1.3990672884743505,NCT OF DELHI,AZADPUR
2018-03-04,2018-04-16,Anomaly,Normal,Normal,1.0824313072439633,PUNJAB,AJNALA
2018-03-04,2018-04-16,Anomaly,Normal,Normal,1.0824313072439633,PUNJAB,ZIRA
2018-03-11,2018-04-23,Anomaly,Normal,Normal,1.8726591760299625,UTTAR PRADESH,LAKHIMPUR
2018-03-11,2018-04-23,Anomaly,Normal,Normal,1.8726591760299625,UTTAR PRADESH,FAIZABAD
2018-03-11,2018-04-23,Anomaly,Normal,Normal,1.8726591760299625,UTTAR PRADESH,LUCKNOW
2018-04-15,2018-05-28,Anomaly,Anomaly,Normal,1.3561741613133476,WEST BENGAL,BISHNUPUR(BANKURA)
2018-04-15,2018-05-28,Anomaly,Anomaly,Normal,1.3561741613133476,WEST BENGAL,SHEORAPHULY
2018-04-15,2018-05-28,Anomaly,Anomaly,Normal,1.3561741613133476,WEST BENGAL,ULUBERIA
2018-04-15,2018-05-28,Anomaly,Anomaly,Normal,1.3561741613133476,WEST BENGAL,KATWA
2018-04-15,2018-05-28,Anomaly,Anomaly,Normal,1.3561741613133476,WEST BENGAL,DURGAPUR
2018-04-15,2018-05-28,Anomaly,Anomaly,Normal,1.3561741613133476,WEST BENGAL,KALYANI
2018-04-22,2018-06-04,Anomaly,Anomaly,Anomaly,1.2851023322227508,NCT OF DELHI,AZADPUR
2018-04-22,2018-06-04,Anomaly,Anomaly,Normal,1.4434134367757605,WEST BENGAL,ISLAMPUR
2018-04-29,2018-06-11,Anomaly,Anomaly,Anomaly,1.5615240474703311,UTTAR PRADESH,LUCKNOW
2018-04-29,2018-06-11,Anomaly,Anomaly,Anomaly,1.5615240474703311,UTTAR PRADESH,LAKHIMPUR
2018-04-29,2018-06-11,Anomaly,Anomaly,Anomaly,1.5615240474703311,UTTAR PRADESH,FAIZABAD
2018-05-20,2018-07-02,Normal,Anomaly,Normal,1.4154870940882598,UTTAR PRADESH,BASTI
2018-06-03,2018-07-16,Anomaly,Anomaly,Normal,1.110494169905608,WEST BENGAL,DURGAPUR
2018-06-03,2018-07-16,Anomaly,Anomaly,Normal,1.110494169905608,WEST BENGAL,BISHNUPUR(BANKURA)
2018-06-03,2018-07-16,Anomaly,Anomaly,Normal,1.110494169905608,WEST BENGAL,KATWA
2018-06-03,2018-07-16,Anomaly,Anomaly,Normal,1.110494169905608,WEST BENGAL,ULUBERIA
2018-06-03,2018-07-16,Anomaly,Anomaly,Normal,1.110494169905608,WEST BENGAL,KALYANI
2018-06-03,2018-07-16,Anomaly,Anomaly,Normal,1.110494169905608,WEST BENGAL,SHEORAPHULY
2018-06-10,2018-07-23,Anomaly,Anomaly,Anomaly,1.1290693523818172,WEST BENGAL,ISLAMPUR
2018-06-10,2018-07-23,Anomaly,Anomaly,Anomaly,1.1149557862360628,NCT OF DELHI,AZADPUR
2018-06-17,2018-07-30,Anomaly,Anomaly,Anomaly,0.9995002498750624,UTTAR PRADESH,LUCKNOW
2018-06-17,2018-07-30,Anomaly,Anomaly,Anomaly,0.9995002498750624,UTTAR PRADESH,FAIZABAD
2018-06-17,2018-07-30,Anomaly,Anomaly,Anomaly,0.9995002498750624,UTTAR PRADESH,LAKHIMPUR
2018-07-08,2018-08-20,Anomaly,Anomaly,Normal,1.1169900058788949,UTTAR PRADESH,BASTI
2018-07-22,2018-09-03,Normal,Anomaly,Normal,0.9994447529150472,WEST BENGAL,ULUBERIA
2018-07-22,2018-09-03,Normal,Anomaly,Normal,0.9994447529150472,WEST BENGAL,SHEORAPHULY
2018-07-22,2018-09-03,Normal,Anomaly,Normal,0.9994447529150472,WEST BENGAL,KATWA
2018-07-22,2018-09-03,Normal,Anomaly,Normal,0.9994447529150472,WEST BENGAL,BISHNUPUR(BANKURA)
2018-07-22,2018-09-03,Normal,Anomaly,Normal,0.9994447529150472,WEST BENGAL,DURGAPUR
2018-07-22,2018-09-03,Normal,Anomaly,Normal,0.9994447529150472,WEST BENGAL,KALYANI
2018-07-29,2018-09-10,Anomaly,Anomaly,Anomaly,0.9995002498750624,WEST BENGAL,ISLAMPUR
2018-07-29,2018-09-10,Anomaly,Anomaly,Anomaly,1.1720096518441916,NCT OF DELHI,AZADPUR
2018-08-05,2018-09-17,Anomaly,Anomaly,Anomaly,0.9995002498750624,UTTAR PRADESH,LAKHIMPUR
2018-08-05,2018-09-17,Anomaly,Anomaly,Anomaly,0.9995002498750624,UTTAR PRADESH,FAIZABAD
2018-08-05,2018-09-17,Anomaly,Anomaly,Anomaly,0.9995002498750624,UTTAR PRADESH,LUCKNOW
2018-08-26,2018-10-08,Anomaly,Anomaly,Anomaly,1.110494169905608,UTTAR PRADESH,BASTI
2018-09-09,2018-10-22,Normal,Anomaly,Normal,0.9994447529150472,WEST BENGAL,SHEORAPHULY
2018-09-09,2018-10-22,Normal,Anomaly,Normal,0.9994447529150472,WEST BENGAL,KATWA
2018-09-09,2018-10-22,Normal,Anomaly,Normal,0.9994447529150472,WEST BENGAL,ULUBERIA
2018-09-09,2018-10-22,Normal,Anomaly,Normal,0.9994447529150472,WEST BENGAL,DURGAPUR
2018-09-09,2018-10-22,Normal,Anomaly,Normal,0.9994447529150472,WEST BENGAL,KALYANI
2018-09-09,2018-10-22,Normal,Anomaly,Normal,0.9994447529150472,WEST BENGAL,BISHNUPUR(BANKURA)
2018-09-16,2018-10-29,Anomaly,Anomaly,Anomaly,0.9995002498750624,WEST BENGAL,ISLAMPUR
2018-09-16,2018-10-29,Anomaly,Anomaly,Anomaly,1.0291090855630698,NCT OF DELHI,AZADPUR
2018-09-23,2018-11-05,Anomaly,Anomaly,Anomaly,1.249375312343828,UTTAR PRADESH,LUCKNOW
2018-09-23,2018-11-05,Anomaly,Anomaly,Anomaly,1.249375312343828,UTTAR PRADESH,FAIZABAD
2018-09-23,2018-11-05,Anomaly,Anomaly,Anomaly,1.249375312343828,UTTAR PRADESH,LAKHIMPUR
2018-10-14,2018-11-26,Normal,Anomaly,Normal,1.1242973141786383,UTTAR PRADESH,BASTI
2018-10-28,2018-12-10,Normal,Anomaly,Normal,1.3324450366422385,WEST BENGAL,KALYANI
2018-10-28,2018-12-10,Normal,Anomaly,Normal,1.3324450366422385,WEST BENGAL,DURGAPUR
2018-10-28,2018-12-10,Normal,Anomaly,Normal,1.3324450366422385,WEST BENGAL,BISHNUPUR(BANKURA)
2018-10-28,2018-12-10,Normal,Anomaly,Normal,1.3324450366422385,WEST BENGAL,SHEORAPHULY
2018-10-28,2018-12-10,Normal,Anomaly,Normal,1.3324450366422385,WEST BENGAL,ULUBERIA
2018-10-28,2018-12-10,Normal,Anomaly,Normal,1.3324450366422385,WEST BENGAL,KATWA
2018-11-04,2018-12-17,Anomaly,Anomaly,Normal,0.9995002498750624,WEST BENGAL,ISLAMPUR
2018-11-04,2018-12-17,Anomaly,Anomaly,Anomaly,1.5706806282722514,NCT OF DELHI,AZADPUR
2018-11-11,2018-12-24,Anomaly,Anomaly,Anomaly,1.665278934221482,UTTAR PRADESH,FAIZABAD
2018-11-11,2018-12-24,Anomaly,Anomaly,Anomaly,1.665278934221482,UTTAR PRADESH,LUCKNOW
2018-11-11,2018-12-24,Anomaly,Anomaly,Anomaly,1.665278934221482,UTTAR PRADESH,LAKHIMPUR
2018-12-02,2019-01-14,Normal,Normal,Anomaly,1.3322231473771855,UTTAR PRADESH,BASTI
2018-12-23,2019-02-04,Normal,Anomaly,Anomaly,1.1992005329780149,NCT OF DELHI,AZADPUR
2018-12-23,2019-02-04,Normal,Anomaly,Anomaly,1.3324450366422385,WEST BENGAL,ISLAMPUR
2018-12-30,2019-02-11,Normal,Normal,Anomaly,2.329450915141431,PUNJAB,BARNALA
2018-12-30,2019-02-11,Normal,Normal,Anomaly,0.9992313604919292,PUNJAB,AJNALA
2018-12-30,2019-02-11,Normal,Normal,Anomaly,2.329450915141431,PUNJAB,SANGRUR
2018-12-30,2019-02-11,Normal,Normal,Anomaly,0.9992313604919292,PUNJAB,ZIRA
2018-12-30,2019-02-11,Normal,Normal,Anomaly,2.329450915141431,PUNJAB,MALERKOTLA
2019-02-10,2019-03-25,Anomaly,Normal,Anomaly,1.4985014985014986,WEST BENGAL,ISLAMPUR
2019-02-10,2019-03-25,Anomaly,Anomaly,Anomaly,0.9993337774816788,NCT OF DELHI,AZADPUR
2019-02-17,2019-04-01,Anomaly,Normal,Anomaly,0.9992313604919292,PUNJAB,ZIRA
2019-02-17,2019-04-01,Anomaly,Normal,Anomaly,0.9992313604919292,PUNJAB,AJNALA
2019-03-03,2019-04-15,Anomaly,Normal,Normal,1.2484394506866416,PUNJAB,BARNALA
2019-03-03,2019-04-15,Anomaly,Normal,Anomaly,1.4985014985014986,UTTAR PRADESH,FAIZABAD
2019-03-03,2019-04-15,Anomaly,Normal,Anomaly,1.4985014985014986,UTTAR PRADESH,LAKHIMPUR
2019-03-03,2019-04-15,Anomaly,Normal,Anomaly,1.4985014985014986,UTTAR PRADESH,LUCKNOW
2019-03-03,2019-04-15,Anomaly,Normal,Normal,1.2484394506866416,PUNJAB,MALERKOTLA
2019-03-03,2019-04-15,Anomaly,Normal,Normal,1.2484394506866416,PUNJAB,SANGRUR
2019-03-17,2019-04-29,Anomaly,Normal,Normal,1.49812734082397,WEST BENGAL,KALYANI
2019-03-17,2019-04-29,Anomaly,Normal,Normal,1.49812734082397,WEST BENGAL,KATWA
2019-03-17,2019-04-29,Anomaly,Normal,Normal,1.49812734082397,WEST BENGAL,SHEORAPHULY
2019-03-17,2019-04-29,Anomaly,Normal,Normal,1.49812734082397,WEST BENGAL,DURGAPUR
2019-03-17,2019-04-29,Anomaly,Normal,Normal,1.49812734082397,WEST BENGAL,ULUBERIA
2019-03-17,2019-04-29,Anomaly,Normal,Normal,1.49812734082397,WEST BENGAL,BISHNUPUR(BANKURA)
2019-03-31,2019-05-13,Anomaly,Anomaly,Anomaly,1.1867582760774515,NCT OF DELHI,AZADPUR
2019-04-07,2019-05-20,Anomaly,Normal,Normal,0.9992313604919292,PUNJAB,ZIRA
2019-04-07,2019-05-20,Anomaly,Normal,Normal,0.9992313604919292,PUNJAB,AJNALA
2019-04-28,2019-06-10,Anomaly,Normal,Anomaly,1.2489592006661117,UTTAR PRADESH,LUCKNOW
2019-04-28,2019-06-10,Anomaly,Normal,Anomaly,1.2489592006661117,UTTAR PRADESH,FAIZABAD
2019-04-28,2019-06-10,Anomaly,Normal,Anomaly,1.2489592006661117,UTTAR PRADESH,LAKHIMPUR
2019-05-05,2019-06-17,Anomaly,Normal,Anomaly,1.142041399000714,WEST BENGAL,ULUBERIA
2019-05-05,2019-06-17,Anomaly,Normal,Anomaly,1.142041399000714,WEST BENGAL,BISHNUPUR(BANKURA)
2019-05-05,2019-06-17,Anomaly,Normal,Anomaly,1.142041399000714,WEST BENGAL,DURGAPUR
2019-05-05,2019-06-17,Anomaly,Normal,Anomaly,1.142041399000714,WEST BENGAL,SHEORAPHULY
2019-05-05,2019-06-17,Anomaly,Normal,Anomaly,1.142041399000714,WEST BENGAL,KATWA
2019-05-05,2019-06-17,Anomaly,Normal,Anomaly,1.142041399000714,WEST BENGAL,KALYANI
2019-05-19,2019-07-01,Anomaly,Normal,Anomaly,1.0947168015230841,NCT OF DELHI,AZADPUR
2019-05-26,2019-07-08,Anomaly,Normal,Normal,1.0760953112990008,PUNJAB,ZIRA
2019-05-26,2019-07-08,Anomaly,Normal,Normal,1.4985014985014986,PUNJAB,SANGRUR
2019-05-26,2019-07-08,Anomaly,Normal,Normal,1.4985014985014986,PUNJAB,BARNALA
2019-05-26,2019-07-08,Anomaly,Normal,Normal,1.0760953112990008,PUNJAB,AJNALA
2019-05-26,2019-07-08,Anomaly,Normal,Normal,1.4985014985014986,PUNJAB,MALERKOTLA
2019-06-02,2019-07-15,Anomaly,Normal,Normal,1.3986013986013983,UTTAR PRADESH,BASTI
2019-06-16,2019-07-29,Anomaly,Normal,Normal,1.1325782811459026,UTTAR PRADESH,FAIZABAD
2019-06-16,2019-07-29,Anomaly,Normal,Normal,1.1325782811459026,UTTAR PRADESH,LAKHIMPUR
2019-06-16,2019-07-29,Anomaly,Normal,Normal,1.1325782811459026,UTTAR PRADESH,LUCKNOW
2019-07-07,2019-08-19,Anomaly,Anomaly,Anomaly,1.086484137331595,NCT OF DELHI,AZADPUR
2019-08-11,2019-09-23,Anomaly,Normal,Normal,1.2134189864382583,PUNJAB,AJNALA
2019-08-11,2019-09-23,Anomaly,Normal,Normal,1.2134189864382583,PUNJAB,ZIRA
2019-08-25,2019-10-07,Anomaly,Anomaly,Anomaly,0.9996001599360256,NCT OF DELHI,AZADPUR
2019-09-29,2019-11-11,Anomaly,Normal,Normal,1.5703069236259817,WEST BENGAL,BISHNUPUR(BANKURA)
2019-09-29,2019-11-11,Anomaly,Normal,Normal,1.5703069236259817,WEST BENGAL,KATWA
2019-09-29,2019-11-11,Anomaly,Normal,Normal,1.5703069236259817,WEST BENGAL,KALYANI
2019-09-29,2019-11-11,Anomaly,Normal,Normal,1.5703069236259817,WEST BENGAL,SHEORAPHULY
2019-09-29,2019-11-11,Anomaly,Normal,Normal,1.5703069236259817,WEST BENGAL,DURGAPUR
2019-09-29,2019-11-11,Anomaly,Normal,Normal,1.5703069236259817,WEST BENGAL,ULUBERIA
2019-10-06,2019-11-18,Anomaly,Normal,Normal,1.3324450366422385,UTTAR PRADESH,FAIZABAD
2019-10-06,2019-11-18,Anomaly,Normal,Normal,1.2134189864382583,PUNJAB,AJNALA
2019-10-06,2019-11-18,Anomaly,Normal,Normal,1.3324450366422385,UTTAR PRADESH,LAKHIMPUR
2019-10-06,2019-11-18,Anomaly,Normal,Normal,1.3324450366422385,UTTAR PRADESH,LUCKNOW
2019-10-06,2019-11-18,Anomaly,Normal,Normal,1.2134189864382583,PUNJAB,ZIRA
2019-10-13,2019-11-25,Anomaly,Anomaly,Anomaly,0.9996001599360256,NCT OF DELHI,AZADPUR
2019-10-27,2019-12-09,Anomaly,Normal,Normal,1.284796573875803,UTTAR PRADESH,BASTI
2019-11-17,2019-12-30,Anomaly,Normal,Normal,1.4275517487508922,PUNJAB,BARNALA
2019-11-17,2019-12-30,Anomaly,Normal,Normal,1.3493253373313343,WEST BENGAL,SHEORAPHULY
2019-11-17,2019-12-30,Anomaly,Normal,Normal,1.4275517487508922,PUNJAB,SANGRUR
2019-11-17,2019-12-30,Anomaly,Normal,Normal,1.4275517487508922,PUNJAB,MALERKOTLA
2019-11-17,2019-12-30,Anomaly,Normal,Normal,1.3493253373313343,WEST BENGAL,KATWA
2019-11-17,2019-12-30,Anomaly,Normal,Normal,1.3493253373313343,WEST BENGAL,DURGAPUR
2019-11-17,2019-12-30,Anomaly,Normal,Normal,1.3493253373313343,WEST BENGAL,ULUBERIA
2019-11-17,2019-12-30,Anomaly,Normal,Normal,1.3493253373313343,WEST BENGAL,KALYANI
2019-11-17,2019-12-30,Anomaly,Normal,Normal,1.3493253373313343,WEST BENGAL,BISHNUPUR(BANKURA)
2019-11-24,2020-01-06,Anomaly,Anomaly,Normal,1.499063085571518,UTTAR PRADESH,LUCKNOW
2019-11-24,2020-01-06,Anomaly,Anomaly,Normal,1.499063085571518,UTTAR PRADESH,FAIZABAD
2019-11-24,2020-01-06,Anomaly,Anomaly,Normal,1.499063085571518,UTTAR PRADESH,LAKHIMPUR
2019-12-01,2020-01-13,Anomaly,Anomaly,Anomaly,1.3594562175129947,NCT OF DELHI,AZADPUR
2019-12-22,2020-02-03,Normal,Anomaly,Normal,1.3324450366422385,PUNJAB,AJNALA
2019-12-22,2020-02-03,Normal,Anomaly,Normal,1.3324450366422385,PUNJAB,ZIRA
2019-12-29,2020-02-10,Normal,Anomaly,Normal,1.2492192379762648,UTTAR PRADESH,BASTI
2020-01-05,2020-02-17,Normal,Anomaly,Normal,1.8738288569643973,WEST BENGAL,BISHNUPUR(BANKURA)
2020-01-05,2020-02-17,Normal,Anomaly,Normal,1.8738288569643973,WEST BENGAL,KALYANI
2020-01-05,2020-02-17,Normal,Anomaly,Normal,1.8738288569643973,WEST BENGAL,KATWA
2020-01-05,2020-02-17,Normal,Anomaly,Normal,1.8738288569643973,WEST BENGAL,DURGAPUR
2020-01-05,2020-02-17,Normal,Anomaly,Normal,1.8738288569643973,WEST BENGAL,ULUBERIA
2020-01-05,2020-02-17,Normal,Anomaly,Normal,1.2492192379762648,PUNJAB,SANGRUR
2020-01-05,2020-02-17,Normal,Anomaly,Normal,1.2492192379762648,PUNJAB,BARNALA
2020-01-05,2020-02-17,Normal,Anomaly,Normal,1.8738288569643973,WEST BENGAL,SHEORAPHULY
2020-01-05,2020-02-17,Normal,Anomaly,Normal,1.2492192379762648,PUNJAB,MALERKOTLA
2020-01-12,2020-02-24,Normal,Anomaly,Normal,1.3324450366422385,UTTAR PRADESH,LUCKNOW
2020-01-12,2020-02-24,Normal,Anomaly,Normal,1.3324450366422385,UTTAR PRADESH,FAIZABAD
2020-01-12,2020-02-24,Anomaly,Anomaly,Normal,1.0659560293137909,WEST BENGAL,ISLAMPUR
2020-01-12,2020-02-24,Normal,Anomaly,Normal,1.3324450366422385,UTTAR PRADESH,LAKHIMPUR
2020-01-19,2020-03-02,Normal,Anomaly,Anomaly,1.2168622338113864,NCT OF DELHI,AZADPUR
2020-02-09,2020-03-23,Normal,Anomaly,Normal,1.6657412548584118,PUNJAB,AJNALA
2020-02-09,2020-03-23,Normal,Anomaly,Normal,1.6657412548584118,PUNJAB,ZIRA
2020-02-16,2020-03-30,Normal,Anomaly,Normal,1.7489069331667708,UTTAR PRADESH,BASTI
2020-02-23,2020-04-06,Normal,Anomaly,Normal,1.5180355953021116,WEST BENGAL,KATWA
2020-02-23,2020-04-06,Normal,Anomaly,Normal,1.5180355953021116,WEST BENGAL,DURGAPUR
2020-02-23,2020-04-06,Normal,Anomaly,Normal,1.5180355953021116,WEST BENGAL,ULUBERIA
2020-02-23,2020-04-06,Normal,Anomaly,Normal,1.8738288569643973,PUNJAB,MALERKOTLA
2020-02-23,2020-04-06,Normal,Anomaly,Normal,1.8738288569643973,PUNJAB,BARNALA
2020-02-23,2020-04-06,Normal,Anomaly,Normal,1.5180355953021116,WEST BENGAL,SHEORAPHULY
2020-02-23,2020-04-06,Normal,Anomaly,Normal,1.5180355953021116,WEST BENGAL,BISHNUPUR(BANKURA)
2020-02-23,2020-04-06,Normal,Anomaly,Normal,1.5180355953021116,WEST BENGAL,KALYANI
2020-02-23,2020-04-06,Normal,Anomaly,Normal,1.8738288569643973,PUNJAB,SANGRUR
2020-03-01,2020-04-13,Normal,Anomaly,Normal,1.3324450366422385,WEST BENGAL,ISLAMPUR
2020-03-01,2020-04-13,Anomaly,Anomaly,Anomaly,1.6448683513305935,UTTAR PRADESH,FAIZABAD
2020-03-01,2020-04-13,Anomaly,Anomaly,Anomaly,1.6448683513305935,UTTAR PRADESH,LAKHIMPUR
2020-03-01,2020-04-13,Anomaly,Anomaly,Anomaly,1.6448683513305935,UTTAR PRADESH,LUCKNOW
2020-03-08,2020-04-20,Anomaly,Anomaly,Anomaly,1.6949152542372878,NCT OF DELHI,AZADPUR
2020-03-29,2020-05-11,Anomaly,Anomaly,Anomaly,1.4992503748125936,PUNJAB,AJNALA
2020-03-29,2020-05-11,Anomaly,Anomaly,Anomaly,1.4992503748125936,PUNJAB,ZIRA
2020-04-05,2020-05-18,Normal,Anomaly,Normal,1.1494252873563218,UTTAR PRADESH,BASTI
2020-04-12,2020-05-25,Anomaly,Anomaly,Anomaly,1.249375312343828,PUNJAB,SANGRUR
2020-04-12,2020-05-25,Normal,Anomaly,Normal,1.0994502748625687,WEST BENGAL,DURGAPUR
2020-04-12,2020-05-25,Normal,Anomaly,Normal,1.0994502748625687,WEST BENGAL,KALYANI
2020-04-12,2020-05-25,Normal,Anomaly,Normal,1.0994502748625687,WEST BENGAL,BISHNUPUR(BANKURA)
2020-04-12,2020-05-25,Normal,Anomaly,Normal,1.0994502748625687,WEST BENGAL,KATWA
2020-04-12,2020-05-25,Normal,Anomaly,Normal,1.0994502748625687,WEST BENGAL,ULUBERIA
2020-04-12,2020-05-25,Anomaly,Anomaly,Anomaly,1.249375312343828,PUNJAB,MALERKOTLA
2020-04-12,2020-05-25,Normal,Anomaly,Normal,1.0994502748625687,WEST BENGAL,SHEORAPHULY
2020-04-12,2020-05-25,Anomaly,Anomaly,Anomaly,1.249375312343828,PUNJAB,BARNALA
2020-04-19,2020-06-01,Normal,Anomaly,Normal,1.1992005329780149,WEST BENGAL,ISLAMPUR
2020-04-19,2020-06-01,Normal,Anomaly,Normal,1.249375312343828,UTTAR PRADESH,LAKHIMPUR
2020-04-19,2020-06-01,Normal,Anomaly,Normal,1.249375312343828,UTTAR PRADESH,FAIZABAD
2020-04-19,2020-06-01,Normal,Anomaly,Normal,1.249375312343828,UTTAR PRADESH,LUCKNOW
2020-04-26,2020-06-08,Anomaly,Anomaly,Anomaly,1.0710460549803642,NCT OF DELHI,AZADPUR
2020-05-17,2020-06-29,Normal,Anomaly,Normal,0.9995002498750624,PUNJAB,AJNALA
2020-05-17,2020-06-29,Normal,Anomaly,Normal,0.9995002498750624,PUNJAB,ZIRA
2020-05-24,2020-07-06,Normal,Anomaly,Normal,1.1812812358019082,UTTAR PRADESH,BASTI
2020-05-31,2020-07-13,Anomaly,Anomaly,Normal,1.249375312343828,PUNJAB,SANGRUR
2020-05-31,2020-07-13,Anomaly,Anomaly,Normal,1.2267151294865968,WEST BENGAL,BISHNUPUR(BANKURA)
2020-05-31,2020-07-13,Anomaly,Anomaly,Normal,1.249375312343828,PUNJAB,BARNALA
2020-05-31,2020-07-13,Anomaly,Anomaly,Normal,1.2267151294865968,WEST BENGAL,KATWA
2020-05-31,2020-07-13,Anomaly,Anomaly,Normal,1.249375312343828,PUNJAB,MALERKOTLA
2020-05-31,2020-07-13,Anomaly,Anomaly,Normal,1.2267151294865968,WEST BENGAL,DURGAPUR
2020-05-31,2020-07-13,Anomaly,Anomaly,Normal,1.2267151294865968,WEST BENGAL,ULUBERIA
2020-05-31,2020-07-13,Anomaly,Anomaly,Normal,1.2267151294865968,WEST BENGAL,SHEORAPHULY
2020-05-31,2020-07-13,Anomaly,Anomaly,Normal,1.2267151294865968,WEST BENGAL,KALYANI
2020-06-07,2020-07-20,Anomaly,Anomaly,Anomaly,1.3139482057973648,UTTAR PRADESH,FAIZABAD
2020-06-07,2020-07-20,Anomaly,Anomaly,Anomaly,1.3139482057973648,UTTAR PRADESH,LUCKNOW
2020-06-07,2020-07-20,Anomaly,Anomaly,Anomaly,1.3139482057973648,UTTAR PRADESH,LAKHIMPUR
2020-06-14,2020-07-27,Normal,Anomaly,Normal,2.1861336664584634,WEST BENGAL,ISLAMPUR
2020-06-14,2020-07-27,Anomaly,Anomaly,Anomaly,1.0996334555148284,NCT OF DELHI,AZADPUR
2020-07-05,2020-08-17,Anomaly,Anomaly,Normal,1.7991004497751124,PUNJAB,ZIRA
2020-07-05,2020-08-17,Anomaly,Anomaly,Normal,1.7991004497751124,PUNJAB,AJNALA
2020-07-12,2020-08-24,Anomaly,Anomaly,Normal,1.1534025374855823,UTTAR PRADESH,BASTI
2020-07-19,2020-08-31,Anomaly,Anomaly,Normal,1.3994402239104358,PUNJAB,MALERKOTLA
2020-07-19,2020-08-31,Anomaly,Anomaly,Normal,1.1847463902258424,WEST BENGAL,KATWA
2020-07-19,2020-08-31,Anomaly,Anomaly,Normal,1.1847463902258424,WEST BENGAL,SHEORAPHULY
2020-07-19,2020-08-31,Anomaly,Anomaly,Normal,1.3994402239104358,PUNJAB,BARNALA
2020-07-19,2020-08-31,Anomaly,Anomaly,Normal,1.1847463902258424,WEST BENGAL,ULUBERIA
2020-07-19,2020-08-31,Anomaly,Anomaly,Normal,1.1847463902258424,WEST BENGAL,BISHNUPUR(BANKURA)
2020-07-19,2020-08-31,Anomaly,Anomaly,Normal,1.3994402239104358,PUNJAB,SANGRUR
2020-07-19,2020-08-31,Anomaly,Anomaly,Normal,1.1847463902258424,WEST BENGAL,DURGAPUR
2020-07-19,2020-08-31,Anomaly,Anomaly,Normal,1.1847463902258424,WEST BENGAL,KALYANI
2020-07-26,2020-09-07,Anomaly,Anomaly,Normal,1.2495537308104248,UTTAR PRADESH,FAIZABAD
2020-07-26,2020-09-07,Anomaly,Anomaly,Normal,1.2495537308104248,UTTAR PRADESH,LUCKNOW
2020-08-02,2020-09-14,Anomaly,Anomaly,Anomaly,1.1208724628900333,NCT OF DELHI,AZADPUR
2020-08-02,2020-09-14,Anomaly,Anomaly,Normal,1.7491254372813594,WEST BENGAL,ISLAMPUR
2020-08-23,2020-10-05,Anomaly,Anomaly,Anomaly,1.199657240788346,PUNJAB,AJNALA
2020-08-23,2020-10-05,Anomaly,Anomaly,Anomaly,1.199657240788346,PUNJAB,ZIRA
2020-08-30,2020-10-12,Anomaly,Anomaly,Normal,1.3328890369876707,UTTAR PRADESH,BASTI
2020-09-06,2020-10-19,Normal,Anomaly,Normal,1.13295568143952,WEST BENGAL,KATWA
2020-09-06,2020-10-19,Normal,Anomaly,Normal,1.13295568143952,WEST BENGAL,KALYANI
2020-09-06,2020-10-19,Anomaly,Anomaly,Anomaly,0.9997500624843788,PUNJAB,BARNALA
2020-09-06,2020-10-19,Normal,Anomaly,Normal,1.13295568143952,WEST BENGAL,SHEORAPHULY
2020-09-06,2020-10-19,Anomaly,Anomaly,Anomaly,0.9997500624843788,PUNJAB,MALERKOTLA
2020-09-06,2020-10-19,Anomaly,Anomaly,Anomaly,0.9997500624843788,PUNJAB,SANGRUR
2020-09-06,2020-10-19,Normal,Anomaly,Normal,1.13295568143952,WEST BENGAL,ULUBERIA
2020-09-06,2020-10-19,Normal,Anomaly,Normal,1.13295568143952,WEST BENGAL,DURGAPUR
2020-09-06,2020-10-19,Normal,Anomaly,Normal,1.13295568143952,WEST BENGAL,BISHNUPUR(BANKURA)
2020-09-13,2020-10-26,Anomaly,Anomaly,Normal,1.1425307055127107,UTTAR PRADESH,LUCKNOW
2020-09-13,2020-10-26,Anomaly,Anomaly,Normal,1.1425307055127107,UTTAR PRADESH,FAIZABAD
2020-09-20,2020-11-02,Anomaly,Anomaly,Normal,1.3328890369876707,WEST BENGAL,ISLAMPUR
2020-09-20,2020-11-02,Anomaly,Anomaly,Normal,1.215887597946501,NCT OF DELHI,AZADPUR
2020-10-11,2020-11-23,Anomaly,Anomaly,Normal,1.2496875781054737,PUNJAB,AJNALA
2020-10-11,2020-11-23,Anomaly,Anomaly,Normal,1.2496875781054737,PUNJAB,ZIRA
2020-10-18,2020-11-30,Anomaly,Anomaly,Normal,1.1425307055127107,UTTAR PRADESH,BASTI
2020-10-25,2020-12-07,Anomaly,Anomaly,Normal,1.2496875781054737,PUNJAB,SANGRUR
2020-10-25,2020-12-07,Anomaly,Anomaly,Normal,1.5708675473045342,WEST BENGAL,DURGAPUR
2020-10-25,2020-12-07,Anomaly,Anomaly,Normal,1.5708675473045342,WEST BENGAL,KALYANI
2020-10-25,2020-12-07,Anomaly,Anomaly,Normal,1.2496875781054737,PUNJAB,MALERKOTLA
2020-10-25,2020-12-07,Anomaly,Anomaly,Normal,1.5708675473045342,WEST BENGAL,KATWA
2020-10-25,2020-12-07,Anomaly,Anomaly,Normal,1.2496875781054737,PUNJAB,BARNALA
2020-10-25,2020-12-07,Anomaly,Anomaly,Normal,1.5708675473045342,WEST BENGAL,SHEORAPHULY
2020-10-25,2020-12-07,Anomaly,Anomaly,Normal,1.5708675473045342,WEST BENGAL,ULUBERIA
2020-10-25,2020-12-07,Anomaly,Anomaly,Normal,1.5708675473045342,WEST BENGAL,BISHNUPUR(BANKURA)
2020-11-01,2020-12-14,Anomaly,Anomaly,Normal,1.6194170098893947,UTTAR PRADESH,LUCKNOW
2020-11-01,2020-12-14,Anomaly,Anomaly,Normal,1.6194170098893947,UTTAR PRADESH,FAIZABAD
2020-11-08,2020-12-21,Anomaly,Anomaly,Normal,2.141837220371252,NCT OF DELHI,AZADPUR
2020-11-08,2020-12-21,Anomaly,Anomaly,Normal,1.1651658555800637,WEST BENGAL,ISLAMPUR
2020-11-29,2021-01-11,Anomaly,Normal,Normal,2.3798191337458348,PUNJAB,ZIRA
2020-11-29,2021-01-11,Anomaly,Normal,Normal,2.3798191337458348,PUNJAB,AJNALA
2020-12-06,2021-01-18,Anomaly,Normal,Normal,2.3463643440135464,UTTAR PRADESH,BASTI
2020-12-13,2021-01-25,Anomaly,Normal,Normal,1.935404591417304,PUNJAB,SANGRUR
2020-12-13,2021-01-25,Anomaly,Normal,Normal,2.9970029970029968,WEST BENGAL,ULUBERIA
2020-12-13,2021-01-25,Anomaly,Normal,Normal,2.9970029970029968,WEST BENGAL,SHEORAPHULY
2020-12-13,2021-01-25,Anomaly,Normal,Normal,2.9970029970029968,WEST BENGAL,KATWA
2020-12-13,2021-01-25,Anomaly,Normal,Normal,1.935404591417304,PUNJAB,BARNALA
2020-12-13,2021-01-25,Anomaly,Normal,Normal,2.9970029970029968,WEST BENGAL,KALYANI
2020-12-13,2021-01-25,Anomaly,Normal,Normal,2.9970029970029968,WEST BENGAL,BISHNUPUR(BANKURA)
2020-12-13,2021-01-25,Anomaly,Normal,Normal,2.9970029970029968,WEST BENGAL,DURGAPUR
2020-12-13,2021-01-25,Anomaly,Normal,Normal,1.935404591417304,PUNJAB,MALERKOTLA
2020-12-20,2021-02-01,Anomaly,Normal,Normal,1.4235975755136308,UTTAR PRADESH,FAIZABAD
2020-12-20,2021-02-01,Anomaly,Normal,Normal,1.4235975755136308,UTTAR PRADESH,LUCKNOW
2020-12-27,2021-02-08,Anomaly,Anomaly,Anomaly,-0.634957056038242,WEST BENGAL,ISLAMPUR
2020-12-27,2021-02-08,Normal,Normal,Anomaly,1.3741411617738912,NCT OF DELHI,AZADPUR
2021-01-17,2021-03-01,Normal,Normal,Anomaly,1.1221661905989155,PUNJAB,ZIRA
2021-01-17,2021-03-01,Normal,Normal,Anomaly,1.1221661905989155,PUNJAB,AJNALA
2021-01-31,2021-03-15,Anomaly,Normal,Anomaly,1.110494169905608,PUNJAB,BARNALA
2021-01-31,2021-03-15,Anomaly,Normal,Normal,1.3351273267490775,UTTAR PRADESH,BASTI
2021-01-31,2021-03-15,Anomaly,Normal,Anomaly,1.110494169905608,PUNJAB,SANGRUR
2021-01-31,2021-03-15,Anomaly,Normal,Anomaly,1.110494169905608,PUNJAB,MALERKOTLA
2021-02-14,2021-03-29,Anomaly,Normal,Normal,1.2134189864382583,NCT OF DELHI,AZADPUR
2021-02-14,2021-03-29,Anomaly,Anomaly,Anomaly,-0.2994127049095246,WEST BENGAL,ISLAMPUR
2021-03-07,2021-04-19,Anomaly,Normal,Anomaly,1.0548885763538685,PUNJAB,ZIRA
2021-03-07,2021-04-19,Anomaly,Normal,Anomaly,1.0548885763538685,PUNJAB,AJNALA
2021-03-21,2021-05-03,Anomaly,Normal,Normal,1.2489592006661117,WEST BENGAL,KALYANI
2021-03-21,2021-05-03,Anomaly,Normal,Normal,1.2489592006661117,WEST BENGAL,ULUBERIA
2021-03-21,2021-05-03,Anomaly,Normal,Normal,1.2489592006661117,WEST BENGAL,KATWA
2021-03-21,2021-05-03,Anomaly,Normal,Normal,1.2489592006661117,WEST BENGAL,BISHNUPUR(BANKURA)
2021-03-21,2021-05-03,Anomaly,Normal,Normal,1.2489592006661117,WEST BENGAL,SHEORAPHULY
2021-03-21,2021-05-03,Anomaly,Normal,Normal,1.2489592006661117,WEST BENGAL,DURGAPUR
2021-04-04,2021-05-17,Anomaly,Normal,Anomaly,1.1953259551473234,WEST BENGAL,ISLAMPUR
2021-04-04,2021-05-17,Anomaly,Normal,Anomaly,1.4275517487508922,NCT OF DELHI,AZADPUR
2021-04-18,2021-05-31,Anomaly,Normal,Normal,1.8165304268846505,UTTAR PRADESH,FAIZABAD
2021-04-18,2021-05-31,Anomaly,Normal,Normal,1.8165304268846505,UTTAR PRADESH,LUCKNOW
2021-04-25,2021-06-07,Anomaly,Normal,Anomaly,1.3640121904751106,PUNJAB,AJNALA
2021-04-25,2021-06-07,Anomaly,Normal,Anomaly,1.3640121904751106,PUNJAB,ZIRA
2021-05-02,2021-06-14,Anomaly,Normal,Normal,1.7212998162811717,UTTAR PRADESH,BASTI
2021-05-09,2021-06-21,Anomaly,Normal,Normal,1.1992005329780149,WEST BENGAL,SHEORAPHULY
2021-05-09,2021-06-21,Anomaly,Normal,Normal,1.1992005329780149,WEST BENGAL,BISHNUPUR(BANKURA)
2021-05-09,2021-06-21,Anomaly,Normal,Normal,1.1992005329780149,WEST BENGAL,ULUBERIA
2021-05-09,2021-06-21,Anomaly,Normal,Normal,1.1992005329780149,WEST BENGAL,KATWA
2021-05-09,2021-06-21,Anomaly,Normal,Normal,1.1992005329780149,WEST BENGAL,KALYANI
2021-05-09,2021-06-21,Anomaly,Normal,Normal,1.1992005329780149,WEST BENGAL,DURGAPUR
2021-05-23,2021-07-05,Anomaly,Normal,Anomaly,1.110494169905608,NCT OF DELHI,AZADPUR
2021-05-30,2021-07-12,Anomaly,Normal,Normal,1.284796573875803,PUNJAB,SANGRUR
2021-05-30,2021-07-12,Anomaly,Normal,Normal,1.284796573875803,PUNJAB,MALERKOTLA
2021-05-30,2021-07-12,Anomaly,Normal,Normal,1.284796573875803,PUNJAB,BARNALA
2021-06-06,2021-07-19,Anomaly,Normal,Normal,1.1242973141786383,UTTAR PRADESH,LUCKNOW
2021-06-06,2021-07-19,Anomaly,Normal,Normal,1.1242973141786383,UTTAR PRADESH,FAIZABAD
2021-06-20,2021-08-02,Normal,Anomaly,Normal,1.2134189864382583,WEST BENGAL,ISLAMPUR
2021-06-20,2021-08-02,Anomaly,Normal,Anomaly,1.157285639137296,UTTAR PRADESH,BASTI
2021-06-27,2021-08-09,Normal,Anomaly,Normal,1.2343114906584567,PUNJAB,ZIRA
2021-06-27,2021-08-09,Normal,Anomaly,Normal,1.0706638115631693,WEST BENGAL,SHEORAPHULY
2021-06-27,2021-08-09,Normal,Anomaly,Normal,1.0706638115631693,WEST BENGAL,ULUBERIA
2021-06-27,2021-08-09,Normal,Anomaly,Normal,1.2343114906584567,PUNJAB,AJNALA
2021-06-27,2021-08-09,Normal,Anomaly,Normal,1.0706638115631693,WEST BENGAL,BISHNUPUR(BANKURA)
2021-06-27,2021-08-09,Normal,Anomaly,Normal,1.0706638115631693,WEST BENGAL,DURGAPUR
2021-06-27,2021-08-09,Normal,Anomaly,Normal,1.0706638115631693,WEST BENGAL,KALYANI
2021-06-27,2021-08-09,Normal,Anomaly,Normal,1.0706638115631693,WEST BENGAL,KATWA
2021-07-11,2021-08-23,Anomaly,Normal,Anomaly,1.1757789535567311,NCT OF DELHI,AZADPUR
2021-07-18,2021-08-30,Anomaly,Normal,Anomaly,0.9994447529150472,PUNJAB,BARNALA
2021-07-18,2021-08-30,Anomaly,Normal,Anomaly,0.9994447529150472,PUNJAB,MALERKOTLA
2021-07-18,2021-08-30,Anomaly,Normal,Anomaly,0.9994447529150472,PUNJAB,SANGRUR
2021-07-25,2021-09-06,Anomaly,Normal,Anomaly,0.9994447529150472,UTTAR PRADESH,FAIZABAD
2021-07-25,2021-09-06,Anomaly,Normal,Anomaly,0.9994447529150472,UTTAR PRADESH,LUCKNOW
2021-08-08,2021-09-20,Anomaly,Normal,Anomaly,1.3324450366422385,UTTAR PRADESH,BASTI
2021-08-08,2021-09-20,Anomaly,Normal,Anomaly,1.2492192379762648,WEST BENGAL,ISLAMPUR
2021-08-15,2021-09-27,Anomaly,Normal,Anomaly,1.110494169905608,PUNJAB,ZIRA
2021-08-15,2021-09-27,Anomaly,Normal,Anomaly,1.110494169905608,PUNJAB,AJNALA
2021-08-15,2021-09-27,Normal,Anomaly,Normal,1.0760953112990008,WEST BENGAL,SHEORAPHULY
2021-08-15,2021-09-27,Normal,Anomaly,Normal,1.0760953112990008,WEST BENGAL,KATWA
2021-08-15,2021-09-27,Normal,Anomaly,Normal,1.0760953112990008,WEST BENGAL,ULUBERIA
2021-08-15,2021-09-27,Normal,Anomaly,Normal,1.0760953112990008,WEST BENGAL,KALYANI
2021-08-15,2021-09-27,Normal,Anomaly,Normal,1.0760953112990008,WEST BENGAL,DURGAPUR
2021-08-15,2021-09-27,Normal,Anomaly,Normal,1.0760953112990008,WEST BENGAL,BISHNUPUR(BANKURA)
2021-08-29,2021-10-11,Anomaly,Normal,Anomaly,1.110494169905608,NCT OF DELHI,AZADPUR
2021-09-05,2021-10-18,Anomaly,Anomaly,Normal,1.110494169905608,PUNJAB,BARNALA
2021-09-05,2021-10-18,Anomaly,Anomaly,Normal,1.110494169905608,PUNJAB,MALERKOTLA
2021-09-05,2021-10-18,Anomaly,Anomaly,Normal,1.110494169905608,PUNJAB,SANGRUR
2021-09-12,2021-10-25,Anomaly,Anomaly,Normal,1.110494169905608,UTTAR PRADESH,LUCKNOW
2021-09-12,2021-10-25,Anomaly,Anomaly,Normal,1.110494169905608,UTTAR PRADESH,FAIZABAD
2021-09-26,2021-11-08,Normal,Anomaly,Normal,1.3561741613133476,UTTAR PRADESH,BASTI
2021-09-26,2021-11-08,Anomaly,Anomaly,Normal,1.4656895403064625,WEST BENGAL,ISLAMPUR
2021-10-03,2021-11-15,Anomaly,Anomaly,Normal,1.0520778537611783,PUNJAB,AJNALA
2021-10-03,2021-11-15,Anomaly,Anomaly,Normal,1.0520778537611783,PUNJAB,ZIRA
2021-10-03,2021-11-15,Anomaly,Anomaly,Normal,1.4275517487508922,WEST BENGAL,ULUBERIA
2021-10-03,2021-11-15,Anomaly,Anomaly,Normal,1.4275517487508922,WEST BENGAL,BISHNUPUR(BANKURA)
2021-10-03,2021-11-15,Anomaly,Anomaly,Normal,1.4275517487508922,WEST BENGAL,SHEORAPHULY
2021-10-03,2021-11-15,Anomaly,Anomaly,Normal,1.4275517487508922,WEST BENGAL,DURGAPUR
2021-10-03,2021-11-15,Anomaly,Anomaly,Normal,1.4275517487508922,WEST BENGAL,KATWA
2021-10-03,2021-11-15,Anomaly,Anomaly,Normal,1.4275517487508922,WEST BENGAL,KALYANI
2021-10-17,2021-11-29,Anomaly,Anomaly,Anomaly,1.4991671293725708,NCT OF DELHI,AZADPUR
2021-10-24,2021-12-06,Anomaly,Normal,Anomaly,1.4992503748125936,PUNJAB,BARNALA
2021-10-24,2021-12-06,Anomaly,Normal,Anomaly,1.4992503748125936,PUNJAB,MALERKOTLA
2021-10-24,2021-12-06,Anomaly,Normal,Anomaly,1.4992503748125936,PUNJAB,SANGRUR
2021-10-31,2021-12-13,Anomaly,Normal,Anomaly,1.4992503748125936,UTTAR PRADESH,LUCKNOW
2021-10-31,2021-12-13,Anomaly,Normal,Anomaly,1.4992503748125936,UTTAR PRADESH,FAIZABAD
2021-11-14,2021-12-27,Anomaly,Normal,Normal,1.2286471351990034,WEST BENGAL,ISLAMPUR
2021-11-21,2022-01-03,Anomaly,Normal,Normal,1.602880774107315,WEST BENGAL,KATWA
2021-11-21,2022-01-03,Anomaly,Normal,Normal,1.21487491240456,PUNJAB,ZIRA
2021-11-21,2022-01-03,Anomaly,Normal,Normal,1.602880774107315,WEST BENGAL,KALYANI
2021-11-21,2022-01-03,Anomaly,Normal,Normal,1.602880774107315,WEST BENGAL,BISHNUPUR(BANKURA)
2021-11-21,2022-01-03,Anomaly,Normal,Normal,1.602880774107315,WEST BENGAL,DURGAPUR
2021-11-21,2022-01-03,Anomaly,Normal,Normal,1.602880774107315,WEST BENGAL,SHEORAPHULY
2021-11-21,2022-01-03,Anomaly,Normal,Normal,1.2148749124041751,PUNJAB,AJNALA
2021-11-21,2022-01-03,Anomaly,Normal,Normal,1.602880774107315,WEST BENGAL,ULUBERIA
>>>>>>> 6ac9248b3ef33a88bcb4b748e11d3743f40f9979
